{"best_metric": 0.5211589932441711, "metric_values": [0.5211589932441711], "metric_values_tc": [0.5619559288024902], "metric_values_wt": [0.7881787419319153], "metric_values_et": [0.21334236860275269], "train_epoch_loss_values": [0.43256860971450806]}