{"best_metric": 0.5195627808570862, "metric_values": [0.5195627808570862], "metric_values_tc": [0.5571452975273132], "metric_values_wt": [0.7882373929023743], "metric_values_et": [0.21330565214157104], "train_epoch_loss_values": [0.43395930528640747]}