{"best_metric": 0.5219108462333679, "metric_values": [0.5219108462333679], "metric_values_tc": [0.5629003643989563], "metric_values_wt": [0.7888447642326355], "metric_values_et": [0.2139873504638672], "train_epoch_loss_values": [0.43163442611694336]}