{"best_metric": 0.5164582133293152, "metric_values": [0.5164582133293152], "metric_values_tc": [0.5525934100151062], "metric_values_wt": [0.7843353152275085], "metric_values_et": [0.21244598925113678], "train_epoch_loss_values": [0.43414926528930664]}